MINX,MINY,MAXX,MAXY,HEIGHT,WIDTH
-74.0217207046608,40.69775127799,-73.9851479264573,40.7196722289007,0.0219209509107969,0.0365727782035066
